Date,1010.SR,1080.SR,1120.SR,1180.SR,1211.SR,2010.SR,2020.SR,2150.SR,2222.SR,2310.SR,3030.SR,3040.SR,3050.SR,3060.SR,4003.SR,4008.SR,4030.SR,4190.SR,4200.SR,7010.SR
2025-02-26,28.13359260559082,20.53618621826172,98.50177764892578,34.64557647705078,45.79999923706055,62.37425994873047,107.36066436767578,51.55363845825195,25.811853408813477,20.314908981323242,39.579010009765625,48.32591247558594,31.067983627319336,21.11379623413086,91.79230499267578,31.950000762939453,23.38514518737793,12.094216346740723,147.05209350585938,41.613101959228516
2025-02-27,27.8037166595459,20.40430450439453,97.52457427978516,34.06166458129883,45.650001525878906,60.42506408691406,105.22510528564453,50.6647834777832,25.716957092285156,20.220333099365234,38.96574401855469,48.13932800292969,30.77853012084961,20.984149932861328,92.64486694335938,32.29999923706055,23.54001235961914,11.850833892822266,142.5,40.669395446777344
2025-03-02,26.86121940612793,20.630390167236328,97.13369750976562,33.86702346801758,45.75,60.23014450073242,105.41924285888672,50.269737243652344,25.811853408813477,20.069011688232422,38.96574401855469,47.85944747924805,29.91016960144043,20.835983276367188,92.36067199707031,31.149999618530273,22.223628997802734,11.906999588012695,138.1999969482422,40.89408493041992
2025-03-03,28.180715560913086,20.856475830078125,99.6744155883789,34.54825973510742,45.20000076293945,61.009822845458984,106.38995361328125,50.46725845336914,26.096542358398438,20.333824157714844,39.626182556152344,48.04603576660156,30.392593383789062,20.96562957763672,92.07649230957031,31.299999237060547,22.80438804626465,11.869555473327637,143.39999389648438,41.163719177246094
2025-03-04,28.274967193603516,20.328941345214844,98.30633544921875,34.15898132324219,43.54999923706055,60.42506408691406,104.6426773071289,48.8870735168457,25.527162551879883,20.16358757019043,39.53183364868164,47.95274353027344,30.392593383789062,20.854503631591797,90.93973541259766,30.649999618530273,22.610803604125977,11.794669151306152,138.8000030517578,40.849151611328125
2025-03-05,28.274967193603516,20.460824966430664,98.69721221923828,34.2076416015625,43.70000076293945,60.23014450073242,105.61338806152344,49.0845947265625,25.195024490356445,20.106842041015625,39.43748092651367,48.13932800292969,30.682044982910156,20.89154624938965,91.98175811767578,30.649999618530273,22.533369064331055,12.019330024719238,135.0,41.028907775878906
2025-03-06,27.662343978881836,19.952131271362305,99.08809661865234,33.86702346801758,44.45000076293945,60.9123649597168,107.36066436767578,48.83769226074219,24.910335540771484,20.220333099365234,39.767704010009766,47.85944747924805,30.296106338500977,20.9285888671875,91.98175811767578,30.350000381469727,22.649518966674805,11.719782829284668,134.60000610351562,40.574039459228516
2025-03-09,27.42671775817871,20.51734733581543,98.50177764892578,33.721046447753906,45.5,60.9123649597168,106.5841064453125,47.45502471923828,25.2899227142334,20.16358757019043,39.626182556152344,47.6728630065918,30.006654739379883,20.706336975097656,92.64486694335938,31.25,22.92053985595703,11.75722599029541,137.0,39.93722152709961
2025-03-10,28.651966094970703,20.630390167236328,99.47897338867188,34.15898132324219,43.0,61.009822845458984,105.22510528564453,48.04759979248047,24.95778465270996,20.012266159057617,38.58835220336914,47.20639419555664,29.81368637084961,20.854503631591797,89.9924545288086,30.649999618530273,23.152841567993164,11.75722599029541,135.0,40.210147857666016
2025-03-11,27.756593704223633,20.234739303588867,97.91545104980469,33.721046447753906,44.849998474121094,61.30220413208008,104.44853210449219,47.60316848754883,24.95778465270996,20.012266159057617,38.87139892578125,47.01980972290039,30.296106338500977,20.94710922241211,89.89772033691406,31.0,22.997974395751953,11.70106029510498,136.1999969482422,40.210147857666016
2025-03-12,28.039342880249023,20.385461807250977,98.30633544921875,33.52640914916992,43.75,61.692039489746094,105.03096008300781,47.5044059753418,24.862886428833008,19.993350982666016,39.39030838012695,47.29969024658203,30.199623107910156,21.13231658935547,90.93973541259766,32.70000076293945,23.46257781982422,11.682337760925293,142.0,40.0281982421875
2025-03-13,28.039342880249023,20.310102462768555,98.89265441894531,33.575069427490234,44.04999923706055,61.692039489746094,104.44853210449219,47.850074768066406,24.625646591186523,19.57721710205078,39.343135833740234,47.20639419555664,30.15138053894043,20.96562957763672,90.37136840820312,33.04999923706055,22.455934524536133,11.663616180419922,142.60000610351562,39.75528335571289
2025-03-16,28.180715560913086,20.53618621826172,99.47897338867188,33.721046447753906,46.0,62.86155700683594,105.03096008300781,48.78831100463867,24.720542907714844,20.466230392456055,39.579010009765625,47.95274353027344,30.392593383789062,21.20639991760254,90.37136840820312,33.70000076293945,23.38514518737793,11.775947570800781,143.0,40.0281982421875
2025-03-17,28.604841232299805,20.724592208862305,100.06529235839844,34.54825973510742,46.400001525878906,63.05647659301758,104.06024932861328,48.640167236328125,24.625646591186523,20.65538215637207,40.286617279052734,47.76615524291992,30.923255920410156,21.28048324584961,91.03446960449219,34.45000076293945,22.92053985595703,11.832113265991211,138.1999969482422,40.48306655883789
2025-03-18,28.84046745300293,20.91299819946289,99.47897338867188,34.25630187988281,46.650001525878906,61.886962890625,104.25439453125,47.40564727783203,24.607576370239258,20.239248275756836,40.569664001464844,47.85944747924805,30.826772689819336,21.0582332611084,91.31865692138672,34.349998474121094,23.230276107788086,11.832113265991211,136.60000610351562,40.0281982421875
2025-03-19,29.17034149169922,21.195608139038086,99.08809661865234,34.59691619873047,45.349998474121094,60.9123649597168,103.28368377685547,46.418025970458984,24.078895568847656,19.633962631225586,40.61683654785156,49.07225799560547,30.585561752319336,20.94710922241211,91.12311553955078,33.849998474121094,23.772315979003906,11.719782829284668,134.39999389648438,40.48306655883789
2025-03-20,29.17034149169922,21.195608139038086,99.08809661865234,34.59691619873047,45.349998474121094,60.9123649597168,103.28368377685547,46.418025970458984,24.078895568847656,19.633962631225586,40.61683654785156,49.07225799560547,30.585561752319336,20.94710922241211,91.12311553955078,33.849998474121094,24.043336868286133,11.719782829284668,134.39999389648438,40.48306655883789
2025-03-23,28.651966094970703,20.724592208862305,96.9382553100586,34.013004302978516,45.900001525878906,60.71744155883789,101.73054504394531,45.924217224121094,24.799819946289062,19.198911666870117,40.47531509399414,48.50385665893555,30.489078521728516,21.11379623413086,91.12311553955078,32.099998474121094,24.159486770629883,11.738504409790039,133.60000610351562,40.11917495727539
2025-03-24,29.264589309692383,21.02604103088379,98.30633544921875,34.25630187988281,46.599998474121094,61.594581604003906,101.3422622680664,46.072364807128906,24.944007873535156,19.293487548828125,41.41879653930664,48.693328857421875,30.633804321289062,21.336048126220703,91.02534484863281,32.54999923706055,23.927183151245117,11.869555473327637,134.60000610351562,40.755985260009766
2025-03-25,29.123214721679688,20.950679779052734,96.74281311035156,34.15898132324219,44.900001525878906,61.49711990356445,101.14811706542969,45.578556060791016,25.088191986083984,19.161083221435547,41.84335708618164,48.59859085083008,31.067983627319336,21.465694427490234,89.75431823730469,31.649999618530273,24.00461769104004,11.906999588012695,135.1999969482422,40.43758010864258
2025-03-26,30.631214141845703,21.572418212890625,99.6744155883789,34.9861946105957,45.29999923706055,62.37425994873047,101.9246826171875,46.26988220214844,25.616870880126953,19.406980514526367,41.937705993652344,49.545928955078125,31.260953903198242,21.799068450927734,91.8075180053711,32.0,24.314355850219727,12.150381088256836,138.0,41.02890396118164
2025-03-27,31.055341720581055,21.76082420349121,99.6744155883789,34.88887405395508,46.29999923706055,62.08188247680664,102.89539337158203,46.911834716796875,25.712993621826172,19.671791076660156,42.45662307739258,49.83013153076172,32.129310607910156,21.836111068725586,92.100830078125,32.04999923706055,24.43050765991211,12.150381088256836,139.1999969482422,41.2563362121582
2025-04-03,30.725461959838867,21.572418212890625,98.30633544921875,34.25630187988281,44.04999923706055,61.30220413208008,100.95397186279297,46.022979736328125,25.280439376831055,19.482641220092773,43.21140670776367,51.25114440917969,32.70821762084961,22.16948699951172,91.02534484863281,31.0,23.88846778869629,12.16910171508789,138.8000030517578,41.84766387939453
2025-04-06,27.7094669342041,19.707204818725586,92.54084777832031,31.920642852783203,39.849998474121094,58.96316909790039,96.1974868774414,41.47993850708008,23.953935623168945,18.158578872680664,40.428138732910156,46.98811340332031,30.006654739379883,19.96550178527832,85.64790344238281,29.0,23.38514518737793,11.75722599029541,125.4000015258789,39.98271560668945
2025-04-07,27.662343978881836,19.16082763671875,92.34541320800781,31.531370162963867,41.75,58.086029052734375,98.04183959960938,41.18365478515625,24.271142959594727,18.25315284729004,41.5603141784668,48.693328857421875,30.199623107910156,20.761899948120117,87.99442291259766,29.5,23.268993377685547,11.981886863708496,132.0,40.61952209472656
2025-04-08,28.180715560913086,19.876768112182617,94.10437774658203,31.726003646850586,40.900001525878906,59.06062698364258,98.43013000488281,42.516937255859375,24.415327072143555,18.25315284729004,41.701839447021484,48.97753143310547,29.861928939819336,20.78042221069336,88.87437438964844,29.899999618530273,23.617446899414062,12.029546737670898,141.0,40.93793487548828
2025-04-09,27.33246612548828,19.368072509765625,92.44313049316406,31.093433380126953,41.0,58.573326110839844,97.84770202636719,42.072509765625,24.367267608642578,17.893766403198242,40.8055305480957,48.12491989135742,29.620718002319336,20.558170318603516,88.1899642944336,29.200000762939453,23.694881439208984,12.010482788085938,135.1999969482422,40.665008544921875
2025-04-10,27.33246612548828,19.368072509765625,92.44313049316406,31.093433380126953,41.0,58.573326110839844,97.84770202636719,42.072509765625,24.367267608642578,17.893766403198242,40.8055305480957,48.12491989135742,29.620718002319336,20.558170318603516,88.1899642944336,29.200000762939453,23.694881439208984,12.010482788085938,135.1999969482422,40.665008544921875
2025-04-13,30.301340103149414,21.101404190063477,95.76560974121094,32.991153717041016,43.900001525878906,59.6453857421875,100.56568908691406,44.146507263183594,24.895946502685547,18.40447425842285,40.85270309448242,49.35646438598633,30.296106338500977,20.613731384277344,90.3409423828125,30.899999618530273,24.58537483215332,12.239253997802734,138.0,41.756690979003906
2025-04-14,29.52562713623047,20.705751419067383,96.32112121582031,32.9424934387207,44.95000076293945,59.74284362792969,100.17739868164062,46.81307601928711,24.944007873535156,18.782779693603516,41.23009490966797,49.45119857788086,30.296106338500977,20.743377685546875,90.92757415771484,31.399999618530273,24.236923217773438,12.296446800231934,135.60000610351562,41.665714263916016
2025-04-15,29.864999771118164,20.630390167236328,96.81710815429688,32.9424934387207,45.04999923706055,59.74284362792969,99.78912353515625,45.578556060791016,24.799819946289062,18.48013687133789,41.32444763183594,49.92486572265625,30.633804321289062,20.78042221069336,92.68746185302734,31.0,24.00461769104004,12.258317947387695,135.39999389648438,42.62093734741211
2025-04-16,29.574108123779297,20.799955368041992,97.31309509277344,33.4290885925293,45.599998474121094,60.132686614990234,99.59497833251953,47.010597229003906,24.655637741088867,18.46122169494629,41.5603141784668,49.73540115356445,30.489078521728516,20.576690673828125,91.90528869628906,30.75,23.46257781982422,12.277382850646973,134.1999969482422,42.89385986328125
2025-04-17,29.574108123779297,20.799955368041992,97.31309509277344,33.4290885925293,45.599998474121094,60.132686614990234,99.59497833251953,47.010597229003906,24.655637741088867,18.46122169494629,41.5603141784668,49.73540115356445,30.489078521728516,20.576690673828125,91.90528869628906,30.75,23.46257781982422,12.277382850646973,134.1999969482422,42.89385986328125
2025-04-20,29.477142333984375,21.101404190063477,96.91630554199219,33.03981399536133,44.900001525878906,59.84030532836914,100.37155151367188,45.529170989990234,24.703699111938477,18.36664581298828,42.173580169677734,50.11433410644531,30.53731918334961,20.428524017333984,91.61196899414062,31.0,23.03668975830078,12.220190048217773,132.60000610351562,42.52996826171875
2025-04-21,29.234731674194336,20.856475830078125,96.81710815429688,32.991153717041016,44.650001525878906,59.54792404174805,99.78912353515625,45.035362243652344,24.463390350341797,18.309900283813477,41.890533447265625,49.45119857788086,30.006654739379883,20.372962951660156,89.94985961914062,31.200000762939453,22.688236236572266,12.086739540100098,132.60000610351562,42.2115592956543
2025-04-22,30.010448455810547,21.101404190063477,97.21389770507812,34.304962158203125,44.29999923706055,59.25554656982422,97.45941162109375,46.22050476074219,24.607576370239258,17.912681579589844,41.937705993652344,49.45119857788086,30.006654739379883,20.465564727783203,89.16767883300781,31.100000381469727,22.726953506469727,12.105803489685059,135.0,41.98412322998047
2025-04-23,30.59223175048828,21.233287811279297,96.61871337890625,34.742897033691406,44.45000076293945,59.6453857421875,100.56568908691406,45.7266960144043,24.751760482788086,18.064002990722656,42.31509780883789,49.83013153076172,30.53731918334961,20.724857330322266,90.3409423828125,31.700000762939453,23.191558837890625,12.048611640930176,134.0,43.030311584472656
2025-04-24,30.349821090698242,20.988361358642578,97.41229248046875,34.840213775634766,47.0,60.42506408691406,100.17739868164062,45.4304084777832,24.799819946289062,18.820608139038086,42.73966598510742,50.77747344970703,30.682044982910156,20.650774002075195,89.85208892822266,31.850000381469727,23.307710647583008,12.048611640930176,134.1999969482422,43.66712951660156
2025-04-27,30.398303985595703,20.705751419067383,97.41229248046875,34.35361862182617,48.0,60.42506408691406,99.59497833251953,46.516788482666016,24.799819946289062,18.688203811645508,43.25857925415039,50.11433410644531,30.585561752319336,20.63225555419922,89.75431823730469,32.150001525878906,23.772315979003906,12.105803489685059,134.39999389648438,43.75809860229492
2025-04-28,30.301340103149414,20.310102462768555,98.10668182373047,34.54825973510742,48.0,60.132686614990234,99.40084075927734,46.26988220214844,24.751760482788086,18.442306518554688,43.494449615478516,50.49327087402344,30.392593383789062,20.465564727783203,90.82980346679688,32.29999923706055,23.96590232849121,12.048611640930176,139.60000610351562,43.66712951660156
2025-04-29,29.816518783569336,20.423145294189453,97.90828704833984,34.64557647705078,49.54999923706055,59.84030532836914,97.26526641845703,46.418025970458984,24.655637741088867,18.064002990722656,43.91901779174805,49.92486572265625,30.247865676879883,20.447044372558594,91.90528869628906,32.150001525878906,23.617446899414062,12.067675590515137,138.1999969482422,43.12128829956055
2025-04-30,29.816518783569336,20.253578186035156,96.61871337890625,34.742897033691406,51.099998474121094,59.45046615600586,95.8092041015625,44.83784103393555,24.367267608642578,17.96942710876465,43.4472770690918,49.92486572265625,29.958412170410156,20.18775177001953,91.90528869628906,31.549999237060547,23.694881439208984,12.029546737670898,137.8000030517578,43.3032341003418
2025-05-01,29.380178451538086,20.008651733398438,95.72593688964844,33.9643440246582,49.95000076293945,59.74284362792969,96.48870086669922,43.356414794921875,24.22308349609375,17.76136016845703,42.32574462890625,49.92486572265625,30.103139877319336,20.02106475830078,89.55876922607422,31.25,23.849748611450195,12.048611640930176,134.60000610351562,42.75739669799805
2025-05-04,28.70142936706543,20.253578186035156,95.72593688964844,33.47774887084961,47.900001525878906,58.086029052734375,94.45021057128906,42.17127227783203,23.973161697387695,17.42088508605957,40.86287307739258,49.45119857788086,29.958412170410156,19.94698143005371,89.55876922607422,31.049999237060547,24.08205223083496,12.010482788085938,134.0,42.25111770629883
2025-05-05,28.31357192993164,20.178218841552734,94.8331527709961,33.721046447753906,51.0,58.573326110839844,95.51799011230469,42.862606048583984,23.934711456298828,16.92909049987793,41.10668182373047,49.16699981689453,30.296106338500977,19.90993881225586,88.77660369873047,31.899999618530273,23.96590232849121,11.934226036071777,132.8000030517578,42.52727127075195
2025-05-06,28.16812515258789,20.234739303588867,95.72593688964844,34.013004302978516,51.099998474121094,58.475868225097656,95.51799011230469,43.45517349243164,24.01161003112793,17.212818145751953,41.643070220947266,49.92486572265625,30.054895401000977,19.89141845703125,88.87437438964844,31.5,24.00461769104004,12.010482788085938,134.0,42.343170166015625
2025-05-07,28.21660804748535,20.310102462768555,94.73395538330078,33.9643440246582,51.400001525878906,57.696189880371094,95.61505889892578,42.8132209777832,23.877038955688477,17.212818145751953,40.81410598754883,49.92486572265625,29.668960571289062,19.63212776184082,88.87437438964844,30.899999618530273,24.00461769104004,11.896096229553223,131.39999389648438,42.29714584350586
2025-05-08,28.21660804748535,20.40430450439453,95.72593688964844,34.2076416015625,50.70000076293945,57.30635070800781,94.06192779541016,42.121891021728516,23.877038955688477,17.04258155822754,40.86287307739258,50.01960372924805,30.103139877319336,19.298751831054688,88.87437438964844,30.950000762939453,23.152841567993164,11.800775527954102,126.4000015258789,41.882911682128906
2025-05-11,28.50749969482422,20.53618621826172,95.22994232177734,34.06166458129883,51.0,57.208892822265625,93.77070617675781,41.726844787597656,24.030834197998047,17.137157440185547,40.716583251953125,49.16699981689453,30.006654739379883,19.42839813232422,89.65653991699219,30.600000381469727,22.997974395751953,11.9151611328125,128.39999389648438,42.20509338378906
2025-05-12,28.84687614440918,20.573867797851562,96.12272644042969,34.110321044921875,51.0,58.96316909790039,96.10041809082031,43.06012725830078,24.559513092041016,18.064002990722656,40.66781997680664,48.88279342651367,30.054895401000977,19.68768882751465,88.77660369873047,31.399999618530273,23.152841567993164,12.048611640930176,128.0,42.29714584350586
2025-05-13,28.79839515686035,20.89415740966797,97.31309509277344,34.49959945678711,51.099998474121094,59.25554656982422,96.39163208007812,42.862606048583984,24.559513092041016,18.23423957824707,41.057918548583984,48.78805923461914,30.15138053894043,19.7247314453125,88.9721450805664,31.200000762939453,23.501296997070312,12.096999168395996,131.39999389648438,42.343170166015625
2025-05-14,27.877233505249023,20.423145294189453,97.5114974975586,34.840213775634766,51.0,58.96316909790039,96.58576965332031,43.6526985168457,25.088191986083984,18.574710845947266,40.96039581298828,48.78805923461914,30.103139877319336,19.817333221435547,88.9721450805664,31.799999237060547,23.733598709106445,12.05828857421875,130.1999969482422,41.86199188232422
2025-05-15,28.02267837524414,20.573867797851562,97.01551055908203,34.54825973510742,51.29999923706055,58.768245697021484,96.10041809082031,42.96136474609375,25.136253356933594,18.101831436157227,40.96039581298828,48.78805923461914,29.717201232910156,19.502479553222656,88.1899642944336,32.20000076293945,24.39179039001465,12.096999168395996,129.39999389648438,41.62141036987305
2025-05-18,28.02267837524414,20.573867797851562,97.01551055908203,34.54825973510742,51.29999923706055,58.768245697021484,96.10041809082031,42.96136474609375,25.136253356933594,18.101831436157227,40.96039581298828,48.78805923461914,29.717201232910156,19.502479553222656,88.1899642944336,32.20000076293945,24.39179039001465,12.096999168395996,129.39999389648438,41.62141036987305
2025-05-19,27.828750610351562,20.441984176635742,96.221923828125,34.59691619873047,51.400001525878906,57.79364776611328,94.74141693115234,42.8132209777832,25.232378005981445,18.082918167114258,40.96039581298828,48.78805923461914,29.041810989379883,19.354312896728516,83.98579406738281,31.0,24.00461769104004,12.038932800292969,128.1999969482422,41.52518081665039
2025-05-20,27.7802677154541,20.36662483215332,96.61871337890625,34.9861946105957,53.099998474121094,57.59872817993164,93.86778259277344,44.04774475097656,25.184314727783203,18.082918167114258,40.375247955322266,48.88279342651367,29.379505157470703,19.409873962402344,85.35459899902344,31.299999237060547,24.159486770629883,11.980867385864258,126.80000305175781,41.71764373779297
2025-05-21,27.489376068115234,20.40430450439453,95.22994232177734,34.15898132324219,51.0,57.013973236083984,94.06192779541016,44.640316009521484,25.088191986083984,17.7802734375,40.42401123046875,49.16699981689453,29.427749633789062,19.206146240234375,84.96350860595703,30.549999237060547,24.275638580322266,11.980867385864258,126.5999984741211,41.332706451416016
2025-05-22,27.489376068115234,20.423145294189453,93.24598693847656,34.54825973510742,51.70000076293945,57.30635070800781,93.18828582763672,44.640316009521484,24.485734939575195,17.96942710876465,40.180198669433594,48.97753143310547,28.897085189819336,19.113540649414062,84.57241821289062,30.75,23.96590232849121,12.077643394470215,126.0,40.995880126953125
2025-05-25,27.392412185668945,20.102855682373047,91.3612289428711,33.575069427490234,50.29999923706055,56.03937530517578,93.67363739013672,45.38103103637695,24.339696884155273,18.045087814331055,39.88762283325195,49.07225799560547,28.70411491394043,19.095022201538086,84.6701889038086,29.399999618530273,23.96590232849121,11.961511611938477,126.0,40.514713287353516
2025-05-26,27.150001525878906,20.215898513793945,91.75801849365234,33.76970672607422,51.20000076293945,56.03937530517578,94.54727935791016,43.55393600463867,24.53441619873047,18.158578872680664,39.790096282958984,49.07225799560547,28.366418838500977,19.095022201538086,84.37688446044922,28.899999618530273,23.88846778869629,12.019577980041504,123.0,40.61094665527344
2025-05-27,27.150001525878906,19.820247650146484,90.27005004882812,33.47774887084961,50.099998474121094,54.96731948852539,92.79999542236328,44.04774475097656,24.388376235961914,17.7802734375,39.15618896484375,49.45714569091797,28.31817626953125,18.928333282470703,83.10585021972656,28.049999237060547,23.42386245727539,11.922801971435547,120.0,40.418479919433594
2025-05-28,27.246965408325195,20.215898513793945,92.45240020751953,33.62372589111328,51.0,55.162235260009766,94.15899658203125,43.800838470458984,24.777812957763672,17.931594848632812,39.400001525878906,49.360923767089844,28.46290397644043,19.020936965942383,85.15904998779297,28.649999618530273,23.927183151245117,11.961511611938477,122.19999694824219,40.65906524658203
2025-05-29,28.16812515258789,20.40430450439453,90.36924743652344,33.76970672607422,51.0,54.285099029541016,93.09121704101562,44.49217224121094,24.339696884155273,17.87485122680664,39.448760986328125,48.87982177734375,28.655874252319336,18.946853637695312,84.96350860595703,28.850000381469727,23.617446899414062,12.445392608642578,122.19999694824219,40.32224655151367
2025-06-01,27.634822845458984,19.98981285095215,88.18689727783203,32.9424934387207,49.04999923706055,53.50542068481445,92.31464385986328,43.55393600463867,24.16444969177246,17.931594848632812,39.204952239990234,48.398719787597656,28.22169303894043,18.780166625976562,85.061279296875,28.450000762939453,23.34642791748047,12.000222206115723,121.19999694824219,40.370365142822266
2025-06-02,26.665178298950195,19.76372528076172,89.67486572265625,32.9424934387207,49.5,53.895259857177734,92.89706420898438,43.20827102661133,24.339696884155273,17.723529815673828,39.0098991394043,49.072261810302734,28.028722763061523,18.891292572021484,84.37688446044922,28.649999618530273,23.230276107788086,11.980867385864258,123.80000305175781,40.370365142822266
2025-06-03,26.422767639160156,19.78256607055664,89.278076171875,33.03981399536133,49.70000076293945,53.50542068481445,92.89706420898438,42.9119873046875,24.16444969177246,17.51546287536621,38.814849853515625,48.976043701171875,28.076967239379883,18.909812927246094,85.061279296875,28.5,23.230276107788086,12.05828857421875,122.5999984741211,40.46659469604492
2025-06-04,27.004554748535156,20.27242088317871,92.55160522460938,33.33177185058594,50.400001525878906,53.79779815673828,94.64434814453125,43.800838470458984,24.14497947692871,17.950511932373047,38.96113967895508,49.64958190917969,28.269933700561523,19.002416610717773,85.15904998779297,28.850000381469727,23.733598709106445,12.05828857421875,125.0,41.380821228027344
2025-06-11,27.198482513427734,19.68836212158203,92.9483871459961,34.06166458129883,52.0,53.99272155761719,95.61505889892578,43.55393600463867,24.261810302734375,17.591123580932617,38.96113967895508,49.360923767089844,28.366418838500977,18.87276840209961,86.8211669921875,28.799999237060547,23.96590232849121,12.096999168395996,123.19999694824219,40.89965057373047
2025-06-12,26.907588958740234,19.78256607055664,91.85721588134766,34.110321044921875,50.29999923706055,54.18763732910156,94.54727935791016,41.28241729736328,24.300752639770508,17.364139556884766,38.57103729248047,48.20627975463867,27.449819564819336,18.631999969482422,85.55014038085938,27.100000381469727,23.42386245727539,11.903448104858398,121.5999984741211,40.370365142822266
2025-06-15,26.27732276916504,19.801406860351562,90.46844482421875,33.03981399536133,49.04999923706055,52.92066192626953,95.8092041015625,39.70222854614258,24.7291316986084,17.212818145751953,38.03465270996094,48.061954498291016,26.967395782470703,18.335664749145508,85.35459899902344,26.399999618530273,23.230276107788086,11.671185493469238,118.0,40.226009368896484
2025-06-16,26.519733428955078,19.68836212158203,91.85721588134766,33.380428314208984,49.25,54.3825569152832,100.75983428955078,40.640464782714844,24.631772994995117,17.893766403198242,37.79084014892578,48.20627975463867,27.835756301879883,18.35418701171875,84.96350860595703,26.899999618530273,23.617446899414062,11.826026916503906,123.0,40.707176208496094
2025-06-17,26.228839874267578,19.499958038330078,90.96443176269531,33.575069427490234,48.25,53.99272155761719,105.61338806152344,40.39356231689453,24.32022476196289,17.837020874023438,37.40074157714844,48.01384353637695,27.73927116394043,18.3171443939209,83.10585021972656,26.299999237060547,23.38514518737793,11.78731632232666,120.19999694824219,40.12977600097656
2025-06-18,25.550090789794922,19.368072509765625,90.76603698730469,33.4290885925293,47.29999923706055,53.895259857177734,104.83682250976562,39.15903854370117,24.242338180541992,17.723529815673828,37.010643005371094,47.29219436645508,27.883996963500977,18.409748077392578,81.8348159790039,25.600000381469727,23.38514518737793,11.729249954223633,117.19999694824219,40.17789077758789
2025-06-19,25.79250144958496,19.29271125793457,90.46844482421875,33.23445129394531,48.20000076293945,52.823204040527344,104.6426773071289,40.44294357299805,24.16444969177246,17.685699462890625,37.498268127441406,47.05164337158203,27.09296226501465,18.076372146606445,82.91030883789062,25.549999237060547,23.230276107788086,11.903448104858398,116.4000015258789,40.03354263305664
2025-06-22,26.13187599182129,19.4057559967041,89.37726593017578,32.79651641845703,47.25,52.92066192626953,103.67196655273438,41.28241729736328,24.16444969177246,18.045087814331055,37.79084014892578,47.29219436645508,27.04352378845215,18.113414764404297,82.42144775390625,26.299999237060547,23.230276107788086,11.748605728149414,117.0,40.12977600097656
2025-06-23,26.180356979370117,19.537639617919922,90.76603698730469,33.283111572265625,48.54999923706055,53.50542068481445,106.00167083740234,42.072509765625,24.086563110351562,18.02617073059082,37.888362884521484,47.773292541503906,27.09296226501465,18.335664749145508,82.22589874267578,26.549999237060547,23.46257781982422,11.826026916503906,120.0,40.514713287353516
2025-06-24,26.956071853637695,20.15937614440918,93.34518432617188,34.35361862182617,50.599998474121094,53.407958984375,101.14811706542969,42.76384353637695,23.697128295898438,18.045087814331055,38.96113967895508,48.591163635253906,27.488479614257812,18.61347770690918,85.4523696899414,27.75,23.849748611450195,11.980867385864258,122.4000015258789,41.09211730957031
2025-06-25,27.053035736083984,20.140535354614258,93.14678955078125,34.694236755371094,50.70000076293945,53.11558151245117,100.17739868164062,42.023128509521484,23.502410888671875,17.855934143066406,39.0098991394043,48.20627975463867,27.63680076599121,18.5208740234375,85.25682067871094,28.700000762939453,23.694881439208984,12.000222206115723,122.4000015258789,41.332706451416016
2025-06-26,27.198482513427734,20.310102462768555,93.94036865234375,35.034854888916016,50.900001525878906,53.50542068481445,102.70125579833984,42.27003479003906,23.658185958862305,18.6125431060791,39.448760986328125,48.591163635253906,28.131196975708008,18.87276840209961,85.55014038085938,29.149999618530273,23.772315979003906,12.019577980041504,123.80000305175781,41.71764373779297
2025-06-29,28.100250244140625,20.441984176635742,96.221923828125,35.21002960205078,51.099998474121094,53.50542068481445,105.12803649902344,42.981117248535156,23.658185958862305,18.896268844604492,39.400001525878906,48.6392707824707,28.576154708862305,18.946853637695312,86.33231353759766,29.979999542236328,24.144001007080078,12.038932800292969,124.80000305175781,41.57329177856445
2025-06-30,27.867536544799805,20.460824966430664,93.84117126464844,35.151634216308594,53.599998474121094,53.26177215576172,104.06024932861328,43.119384765625,23.677658081054688,18.74494743347168,39.58000183105469,49.1203727722168,28.398170471191406,18.81720733642578,86.2834243774414,29.799999237060547,24.479999542236328,12.135708808898926,127.4000015258789,40.93814468383789
2025-07-01,27.59603500366211,20.555028915405273,94.0395736694336,34.762359619140625,52.349998474121094,53.70033645629883,103.57489013671875,42.68483352661133,23.716602325439453,18.801692962646484,39.29999923706055,48.87982177734375,28.853017807006836,18.835729598999023,85.30570983886719,29.81999969482422,24.5,12.038932800292969,125.9000015258789,40.24525451660156
2025-07-02,27.499073028564453,20.555028915405273,93.89077758789062,34.87914276123047,53.25,54.577476501464844,104.83682250976562,42.54656982421875,23.901582717895508,18.70711898803711,39.29999923706055,48.591163635253906,28.536603927612305,18.576435089111328,85.11016845703125,30.200000762939453,23.75,12.009900093078613,126.0,40.39923095703125
2025-07-03,28.197214126586914,20.856475830078125,95.22994232177734,36.31946563720703,53.400001525878906,55.30842590332031,105.32217407226562,43.257652282714844,24.125507354736328,18.782779693603516,39.5,49.02415466308594,28.536603927612305,18.539396286010742,85.35459899902344,30.079999923706055,23.6200008392334,12.155064582824707,126.80000305175781,40.89965057373047
2025-07-06,28.158430099487305,20.79053497314453,95.42833709716797,35.91072463989258,54.70000076293945,54.86985778808594,106.97238159179688,44.28477478027344,24.213130950927734,18.918603897094727,39.619998931884766,48.976043701171875,28.259740829467773,18.50235366821289,86.08788299560547,30.100000381469727,23.950000762939453,12.126030921936035,127.5,40.86115646362305
2025-07-07,28.02267837524414,20.602130889892578,95.42833709716797,36.20268249511719,54.650001525878906,54.33382797241211,106.09874725341797,44.54155349731445,24.417583465576172,19.005922317504883,39.91999816894531,49.02415466308594,27.982877731323242,18.428268432617188,85.35459899902344,29.860000610351562,24.100000381469727,12.203452110290527,128.89999389648438,40.97664260864258
2025-07-08,28.003286361694336,20.668071746826172,95.22994232177734,36.0080451965332,54.20000076293945,54.67493438720703,105.51631164550781,44.83784103393555,24.437057495117188,18.8118839263916,40.86000061035156,49.31281661987305,27.844446182250977,18.29862403869629,86.91893768310547,29.34000015258789,24.040000915527344,12.222807884216309,125.80000305175781,41.169105529785156
2025-07-09,27.69300079345703,20.573867797851562,95.47793579101562,36.066436767578125,55.20000076293945,54.577476501464844,108.81673431396484,44.44279098510742,24.22286605834961,18.695463180541992,40.619998931884766,48.735496520996094,27.62691307067871,18.03006935119629,87.50556945800781,30.1200008392334,24.0,12.261518478393555,129.39999389648438,41.09211730957031
2025-07-10,27.634822845458984,20.592710494995117,95.03155517578125,36.455711364746094,55.599998474121094,54.33382797241211,111.24351501464844,44.02799606323242,24.37864112854004,18.59844398498535,40.79999923706055,48.591163635253906,27.607135772705078,18.057851791381836,87.65222930908203,29.979999542236328,23.979999542236328,12.309906959533691,130.10000610351562,40.7264289855957
2025-07-13,27.615428924560547,20.347782135009766,95.18034362792969,36.47517395019531,55.70000076293945,53.651607513427734,111.63179779052734,43.55393600463867,24.300752639770508,18.549936294555664,40.47999954223633,48.44683074951172,27.587360382080078,17.928205490112305,87.94554138183594,29.299999237060547,23.8799991607666,12.222807884216309,130.89999389648438,40.630191802978516
2025-07-14,27.18878746032715,20.187637329101562,95.32913970947266,36.66981506347656,55.099998474121094,53.94398880004883,111.14644622802734,43.929229736328125,24.20339584350586,18.666357040405273,40.220001220703125,47.763668060302734,27.15229034423828,17.641132354736328,87.79888916015625,29.440000534057617,23.8799991607666,12.377649307250977,130.5,40.61094665527344
2025-07-15,27.150001525878906,19.970972061157227,94.1387710571289,36.066436767578125,54.5,53.99272155761719,111.14644622802734,43.45517349243164,23.95026206970215,18.48202133178711,40.0,47.12861633300781,27.09296226501465,17.82634162902832,86.8211669921875,29.139999389648438,23.850000381469727,12.387327194213867,128.6999969482422,40.226009368896484
2025-07-16,27.285749435424805,19.923870086669922,93.74197387695312,36.18321990966797,54.5,53.70033645629883,111.63179779052734,43.61319351196289,23.77501678466797,18.423810958862305,39.599998474121094,46.57054138183594,26.85565185546875,17.492965698242188,86.03899383544922,28.559999465942383,23.790000915527344,12.32926082611084,127.80000305175781,40.12977600097656
2025-07-17,27.285749435424805,19.923870086669922,93.74197387695312,36.18321990966797,54.5,53.70033645629883,111.63179779052734,43.61319351196289,23.77501678466797,18.423810958862305,39.599998474121094,46.57054138183594,26.85565185546875,17.492965698242188,86.03899383544922,28.559999465942383,23.790000915527344,12.32926082611084,127.80000305175781,40.12977600097656
2025-07-20,27.053035736083984,19.67894172668457,93.74197387695312,35.2684211730957,54.29999923706055,53.50542068481445,113.5732192993164,41.736717224121094,23.47320556640625,18.414108276367188,39.939998626708984,46.070194244384766,26.83587646484375,17.35405921936035,85.69679260253906,28.100000381469727,23.649999618530273,12.261518478393555,127.0,39.93730545043945
2025-07-21,27.053035736083984,19.669523239135742,95.22994232177734,35.67715835571289,54.54999923706055,53.21303939819336,111.43766021728516,41.47993850708008,23.463468551635742,17.366308212280273,39.65999984741211,46.089439392089844,26.638118743896484,17.215152740478516,85.94122314453125,28.100000381469727,23.299999237060547,12.377649307250977,126.0,40.379981994628906
2025-07-22,26.665178298950195,19.509376525878906,94.23796844482422,34.93753433227539,53.099998474121094,52.14098358154297,110.66108703613281,41.14414978027344,23.356372833251953,17.25959014892578,39.099998474121094,45.78153610229492,26.321704864501953,16.983640670776367,84.57241821289062,27.479999542236328,23.020000457763672,12.29055118560791,124.0999984741211,39.76408386230469
2025-07-23,27.053035736083984,20.055755615234375,95.22994232177734,35.7550163269043,54.099998474121094,52.62828063964844,113.1849365234375,40.90711975097656,23.5705623626709,17.385713577270508,39.31999969482422,45.993221282958984,26.30192756652832,16.974380493164062,85.69679260253906,27.760000228881836,22.700000762939453,12.33893871307373,124.5999984741211,40.49546813964844
2025-07-24,26.994857788085938,20.328941345214844,94.53556060791016,35.949649810791016,53.70000076293945,52.92066192626953,113.0878677368164,40.946624755859375,23.39531707763672,17.676767349243164,39.5,46.6667594909668,26.381031036376953,16.816953659057617,85.5990219116211,27.700000762939453,22.399999618530273,12.435715675354004,124.0,40.39923095703125
2025-07-27,27.16939353942871,20.489086151123047,94.1387710571289,35.852333068847656,52.29999923706055,53.74906921386719,115.51464080810547,40.88737106323242,23.47320556640625,17.754383087158203,39.58000183105469,45.91624450683594,26.222824096679688,16.687307357788086,86.62562561035156,28.0,22.1200008392334,12.416359901428223,124.9000015258789,40.630191802978516
2025-07-28,26.723356246948242,20.314298629760742,93.39478302001953,35.52145004272461,52.29999923706055,54.4312858581543,114.83515167236328,40.72935104370117,23.521883010864258,17.463327407836914,39.18000030517578,45.01177215576172,26.123945236206055,16.520620346069336,87.1144790649414,28.84000015258789,21.850000381469727,12.455070495605469,123.0,40.533958435058594
2025-07-29,26.89789390563965,20.33371925354004,92.75,35.424129486083984,51.849998474121094,53.84653091430664,114.64099884033203,39.91950225830078,23.531620025634766,17.560346603393555,39.060001373291016,44.64613723754883,26.064617156982422,16.122421264648438,87.16336822509766,28.040000915527344,21.5,12.33893871307373,120.69999694824219,40.66868591308594
2025-07-30,27.305143356323242,20.780399322509766,93.74197387695312,35.949649810791016,51.900001525878906,53.895259857177734,116.29121398925781,39.998512268066406,23.599769592285156,17.74468231201172,38.7400016784668,44.26125717163086,25.827306747436523,15.92795181274414,87.01670837402344,28.6200008392334,22.25,12.348616600036621,120.9000015258789,40.707176208496094
2025-07-31,27.343929290771484,21.11055564880371,93.9899673461914,36.4946403503418,52.0,53.26177215576172,115.70878601074219,40.09727478027344,23.658185958862305,17.366308212280273,38.2400016784668,44.338233947753906,26.00528907775879,15.770524978637695,87.75,28.799999237060547,22.280000686645508,12.435715675354004,119.4000015258789,40.98993682861328
2025-08-03,27.150001525878906,20.96489906311035,93.74197387695312,36.29999923706055,51.099998474121094,52.62828063964844,116.97071075439453,39.30717849731445,23.36610984802246,17.30809783935547,38.279998779296875,43.510738372802734,25.827306747436523,15.659398078918457,87.75,28.440000534057617,21.899999618530273,12.377649307250977,119.80000305175781,40.775428771972656
2025-08-04,27.150001525878906,20.68329429626465,94.38676452636719,36.2599983215332,52.20000076293945,53.359230041503906,116.0,39.4651985168457,23.278486251831055,17.395414352416992,38.5,43.85713195800781,26.02506446838379,15.946471214294434,88.80000305175781,28.3799991607666,22.100000381469727,12.435715675354004,120.30000305175781,40.67792892456055
2025-08-05,27.420000076293945,20.780399322509766,94.9323501586914,36.459999084472656,52.95000076293945,55.016048431396484,119.69999694824219,39.504703521728516,23.482940673828125,17.899911880493164,38.720001220703125,44.06881332397461,26.222824096679688,16.057598114013672,89.5,28.639999389648438,22.25,12.542168617248535,120.0,41.32144546508789
2025-08-06,27.299999237060547,21.13968849182129,94.63475799560547,36.380001068115234,52.20000076293945,56.18556594848633,120.19999694824219,40.19603729248047,23.687393188476562,18.1618595123291,38.459999084472656,43.645450592041016,26.499685287475586,16.113161087036133,89.30000305175781,29.399999618530273,22.469999313354492,12.5615234375,121.69999694824219,41.340946197509766
2025-08-07,27.200000762939453,21.032873153686523,94.4859619140625,36.0,52.20000076293945,56.477943420410156,120.0999984741211,39.800987243652344,23.697128295898438,17.861103057861328,38.79999923706055,43.799400329589844,26.30192756652832,16.09463882446289,89.9000015258789,29.299999237060547,22.469999313354492,12.551846504211426,121.69999694824219,41.08743667602539
2025-08-10,27.139999389648438,21.207660675048828,94.0395736694336,36.20000076293945,53.45000076293945,55.893184661865234,119.5999984741211,40.90711975097656,23.502410888671875,18.084245681762695,38.79999923706055,43.510738372802734,26.30192756652832,15.923015594482422,89.9000015258789,29.299999237060547,22.3700008392334,12.551846504211426,122.69999694824219,41.55544662475586
2025-08-11,26.979999542236328,21.042583465576172,93.44438171386719,36.0,52.900001525878906,55.55207443237305,120.0,40.17628479003906,23.41478729248047,17.696170806884766,38.31999969482422,42.66400146484375,25.669097900390625,15.465346336364746,88.94999694824219,29.079999923706055,22.299999237060547,12.426037788391113,121.4000015258789,40.98993682861328
2025-08-12,26.5,21.013450622558594,93.24598693847656,35.7599983215332,51.95000076293945,55.30842590332031,119.9000015258789,40.294795989990234,23.41478729248047,17.5118350982666,38.63999938964844,41.12448501586914,25.41201400756836,15.636972427368164,89.0,28.84000015258789,21.979999542236328,12.416237831115723,121.5999984741211,41.243438720703125
2025-08-13,26.399999618530273,20.935768127441406,92.45240020751953,35.47999954223633,52.95000076293945,55.941917419433594,118.5,40.72935104370117,23.41478729248047,17.172273635864258,38.79999923706055,41.085994720458984,25.550443649291992,15.370000839233398,88.3499984741211,28.739999771118164,21.979999542236328,12.288841247558594,121.80000305175781,41.340946197509766
2025-08-14,26.84000015258789,21.071714401245117,93.74197387695312,36.18000030517578,53.650001525878906,55.84445571899414,119.19999694824219,40.59108352661133,23.424524307250977,17.269289016723633,39.119998931884766,41.91348648071289,25.72842788696289,15.579764366149902,88.75,28.860000610351562,21.760000228881836,12.230042457580566,123.9000015258789,41.6529541015625
2025-08-17,27.18000030517578,21.081424713134766,94.1387710571289,36.02000045776367,53.599998474121094,56.477943420410156,120.0,40.72935104370117,23.521883010864258,17.560346603393555,38.900001525878906,41.874996185302734,25.906410217285156,15.503486633300781,88.94999694824219,29.219999313354492,21.940000534057617,12.32804012298584,124.5,41.964962005615234
2025-08-18,27.0,21.071714401245117,94.53556060791016,35.959999084472656,53.0,57.696189880371094,121.0,40.63058853149414,23.492673873901367,18.317089080810547,39.040000915527344,41.740291595458984,25.906410217285156,15.455811500549316,88.4000015258789,29.059999465942383,22.010000228881836,12.347640037536621,124.69999694824219,41.78945541381836
2025-08-19,26.799999237060547,21.11055564880371,94.4859619140625,35.86000061035156,52.849998474121094,57.54999923706055,120.4000015258789,40.59108352661133,23.41478729248047,18.210371017456055,38.900001525878906,41.64406967163086,25.886634826660156,15.408138275146484,88.3499984741211,29.020000457763672,22.149999618530273,12.445636749267578,126.4000015258789,41.867454528808594
2025-08-20,26.959999084472656,21.605789184570312,95.32913970947266,36.0,52.75,57.5,121.5999984741211,40.43306350708008,23.57392120361328,18.43351173400879,39.0,41.37465286254883,25.708650588989258,15.293723106384277,87.5999984741211,29.18000030517578,22.0,12.475035667419434,126.9000015258789,41.808956146240234
2025-08-21,26.920000076293945,21.479555130004883,95.27954864501953,36.08000183105469,53.150001525878906,61.900001525878906,122.80000305175781,40.314552307128906,23.40610122680664,19.41339874267578,38.5,41.25918960571289,25.649324417114258,15.141165733337402,88.5,29.0,22.0,12.494635581970215,124.5,41.82845687866211
2025-08-24,27.040000915527344,21.732025146484375,95.32913970947266,35.97999954223633,52.599998474121094,62.0,121.69999694824219,40.76885223388672,23.564050674438477,20.0731258392334,38.79999923706055,41.56709289550781,25.74820327758789,15.207908630371094,88.30000305175781,29.239999771118164,22.489999771118164,12.386838912963867,123.19999694824219,41.730953216552734
2025-08-25,27.040000915527344,21.70289421081543,96.221923828125,35.70000076293945,52.45000076293945,61.04999923706055,121.69999694824219,41.08489227294922,23.485076904296875,19.694751739501953,38.400001525878906,41.66331481933594,25.847082138061523,15.44627857208252,90.9000015258789,29.5,22.540000915527344,12.445636749267578,121.5999984741211,41.32144546508789
2025-08-26,26.81999969482422,22.013629913330078,95.42833709716797,36.02000045776367,52.25,61.70000076293945,122.5,41.42068099975586,23.475204467773438,19.4619083404541,39.0,41.77877426147461,25.72842788696289,15.684646606445312,90.8499984741211,29.979999542236328,22.010000228881836,12.631832122802734,121.0999984741211,41.16543960571289
2025-08-27,26.020000457763672,21.877683639526367,94.43635559082031,35.02000045776367,52.75,61.45000076293945,123.0,41.47993850708008,23.43571662902832,19.65594482421875,38.84000015258789,41.66331481933594,25.609771728515625,15.627436637878418,90.80000305175781,29.5,22.100000381469727,12.592633247375488,122.69999694824219,41.048439025878906
2025-08-28,25.959999084472656,22.819599151611328,93.44438171386719,34.81999969482422,52.20000076293945,61.0,121.4000015258789,40.90711975097656,23.396230697631836,19.549224853515625,38.900001525878906,41.47087478637695,25.609771728515625,15.789527893066406,90.5,28.5,22.040000915527344,12.494635581970215,119.4000015258789,40.9509391784668
2025-08-31,26.360000610351562,23.50904083251953,93.24598693847656,35.0,51.45000076293945,60.849998474121094,114.80000305175781,40.43306350708008,23.49494743347168,19.015623092651367,39.02000045776367,41.43238830566406,25.51089096069336,15.608368873596191,90.19999694824219,27.81999969482422,21.860000610351562,12.406437873840332,118.0,40.970436096191406
2025-09-01,26.239999771118164,22.431180953979492,92.99799346923828,35.81999969482422,52.400001525878906,60.25,118.4000015258789,40.4923210144043,23.29751205444336,18.763376235961914,38.29999923706055,40.06605529785156,25.21425437927246,15.293723106384277,90.3499984741211,27.860000610351562,21.979999542236328,12.622032165527344,117.0,40.775428771972656
2025-09-02,26.280000686645508,22.266101837158203,93.89077758789062,35.58000183105469,52.650001525878906,59.75,120.19999694824219,40.709598541259766,23.445589065551758,18.520828247070312,38.68000030517578,39.83513259887695,25.45156478881836,15.370000839233398,88.9000015258789,27.3799991607666,21.950000762939453,12.582833290100098,115.4000015258789,40.91193389892578
2025-09-03,25.979999542236328,21.654340744018555,92.55160522460938,35.13999938964844,53.0,60.45000076293945,117.0999984741211,40.84786605834961,23.29751205444336,18.355897903442383,38.380001068115234,39.54646682739258,25.154926300048828,15.551158905029297,88.25,27.459999084472656,21.979999542236328,12.602432250976562,116.9000015258789,40.85343551635742
2025-09-04,26.079999923706055,21.70289421081543,94.08916473388672,35.18000030517578,53.599998474121094,59.75,117.19999694824219,40.92687225341797,23.34687042236328,18.22007179260254,38.279998779296875,39.93135070800781,25.392236709594727,15.53209114074707,88.05000305175781,27.479999542236328,21.899999618530273,12.612232208251953,115.5999984741211,40.75593185424805
2025-09-07,26.18000030517578,21.7708683013916,92.89879608154297,34.97999954223633,53.29999923706055,60.0,115.0,40.23554229736328,23.16917610168457,18.02603530883789,38.599998474121094,40.225685119628906,25.47134017944336,15.551158905029297,89.0,27.299999237060547,21.799999237060547,12.445636749267578,113.4000015258789,40.775428771972656
2025-09-08,25.899999618530273,21.56694793701172,92.10520935058594,34.5,52.900001525878906,59.150001525878906,114.0999984741211,40.19603729248047,22.951997756958008,17.570049285888672,38.29999923706055,39.83323669433594,25.27358055114746,15.360465049743652,87.8499984741211,26.959999084472656,21.399999618530273,12.455436706542969,116.69999694824219,40.58042526245117
2025-09-09,25.81999969482422,21.450422286987305,92.45240020751953,34.459999084472656,53.79999923706055,59.20000076293945,114.4000015258789,40.17628479003906,23.00135612487793,17.657365798950195,38.2400016784668,40.441532135009766,25.570220947265625,15.474881172180176,88.0,27.399999618530273,22.0,12.6514310836792,117.19999694824219,40.69742965698242
2025-09-10,26.020000457763672,21.401870727539062,92.6011962890625,34.2599983215332,54.20000076293945,59.5,113.9000015258789,40.09727478027344,22.873022079467773,17.434221267700195,38.040000915527344,40.28455352783203,25.27358055114746,15.427207946777344,87.69999694824219,26.959999084472656,22.0,12.67103099822998,115.5999984741211,40.28792190551758
2025-09-11,26.020000457763672,21.479555130004883,92.6011962890625,34.2400016784668,54.400001525878906,59.0,114.4000015258789,39.662723541259766,22.833534240722656,17.29839515686035,38.060001373291016,40.69662094116211,25.51089096069336,15.398603439331055,86.9000015258789,27.0,22.200000762939453,12.6514310836792,113.80000305175781,40.19042205810547
2025-09-14,25.959999084472656,21.55723762512207,92.20440673828125,33.91999816894531,55.95000076293945,58.349998474121094,115.0,39.010894775390625,22.86315155029297,17.25959014892578,38.0,40.77511215209961,25.491117477416992,15.408138275146484,85.0,26.780000686645508,22.469999313354492,12.602432250976562,112.30000305175781,40.44392395019531
2025-09-15,25.700000762939453,21.246501922607422,90.27005004882812,33.68000030517578,56.29999923706055,58.849998474121094,114.9000015258789,39.84049606323242,22.922380447387695,17.172273635864258,37.939998626708984,40.794734954833984,25.332910537719727,15.360465049743652,84.8499984741211,26.899999618530273,23.899999618530273,12.622032165527344,113.80000305175781,40.40492248535156
2025-09-16,25.860000610351562,21.217370986938477,91.26203155517578,34.58000183105469,56.54999923706055,59.20000076293945,116.0,40.19603729248047,23.050716400146484,17.395414352416992,38.060001373291016,40.89284133911133,25.669097900390625,15.52255630493164,85.55000305175781,28.299999237060547,24.0,12.798426628112793,114.30000305175781,40.50242614746094
2025-09-17,26.040000915527344,21.363027572631836,91.90681457519531,34.29999923706055,56.25,59.5,115.9000015258789,39.998512268066406,23.79110336303711,17.414819717407227,38.15999984741211,41.677734375,26.30192756652832,15.541624069213867,85.19999694824219,28.0,24.360000610351562,12.769026756286621,115.30000305175781,41.048439025878906
2025-09-18,25.68000030517578,21.55723762512207,94.0395736694336,34.36000061035156,56.75,60.70000076293945,117.4000015258789,39.880001068115234,24.15635871887207,17.715576171875,38.560001373291016,41.697357177734375,26.499685287475586,15.722784996032715,85.0,28.440000534057617,24.760000228881836,13.04341983795166,115.69999694824219,41.37994384765625
2025-09-21,25.639999389648438,21.751447677612305,92.2540054321289,34.02000045776367,58.0,60.95000076293945,116.9000015258789,40.119998931884766,24.610464096069336,18.142457962036133,38.7400016784668,42.3645133972168,26.499685287475586,16.237661361694336,85.30000305175781,28.299999237060547,24.860000610351562,12.916023254394531,117.69999694824219,41.92595672607422
2025-09-22,26.059999465942383,22.819599151611328,92.75,34.560001373291016,59.25,61.29999923706055,118.0,40.119998931884766,24.63020896911621,17.841699600219727,39.2599983215332,42.18791198730469,26.420581817626953,16.027896881103516,85.0999984741211,28.280000686645508,25.18000030517578,12.974821090698242,117.5,42.29646682739258
2025-09-24,27.84000015258789,23.654699325561523,102.80000305175781,38.0,61.70000076293945,62.79999923706055,120.30000305175781,40.5,24.738798141479492,19.617137908935547,40.65999984741211,42.894317626953125,27.251169204711914,16.409284591674805,87.0,29.18000030517578,26.84000015258789,13.631402015686035,125.0,43.739498138427734
2025-09-25,27.84000015258789,23.654699325561523,102.80000305175781,38.0,61.70000076293945,62.79999923706055,120.30000305175781,40.5,24.738798141479492,19.617137908935547,40.65999984741211,42.894317626953125,27.251169204711914,16.409284591674805,87.0,29.18000030517578,26.84000015258789,13.631402015686035,125.0,43.739498138427734
2025-09-28,27.059999465942383,23.45077896118164,101.5,37.7400016784668,60.349998474121094,60.400001525878906,117.5999984741211,41.119998931884766,24.13661766052246,19.306678771972656,40.47999954223633,41.520755767822266,26.697444915771484,16.189987182617188,86.19999694824219,29.020000457763672,26.5,13.513805389404297,125.5999984741211,42.25746536254883
2025-09-29,27.100000381469727,23.88775062561035,105.30000305175781,38.5,62.5,61.75,119.5,41.13999938964844,24.669694900512695,19.403697967529297,40.63999938964844,41.57962417602539,27.15229034423828,16.294870376586914,88.0,29.360000610351562,27.100000381469727,13.592203140258789,125.30000305175781,42.5694694519043
2025-09-30,27.200000762939453,23.994564056396484,107.19999694824219,39.18000030517578,64.0,61.54999923706055,119.19999694824219,41.380001068115234,24.3044376373291,19.791770935058594,40.63999938964844,42.24678039550781,26.914979934692383,16.399751663208008,89.6500015258789,29.540000915527344,27.239999771118164,13.670600891113281,125.30000305175781,42.97898483276367
2025-10-01,27.200000762939453,23.994564056396484,107.19999694824219,39.18000030517578,64.0,61.54999923706055,119.19999694824219,41.380001068115234,24.3044376373291,19.791770935058594,40.63999938964844,42.24678039550781,26.914979934692383,16.399751663208008,89.6500015258789,29.540000915527344,27.239999771118164,13.670600891113281,125.30000305175781,42.97898483276367
2025-10-02,27.84000015258789,24.489797592163086,105.30000305175781,38.599998474121094,65.05000305175781,61.54999923706055,116.5999984741211,40.880001068115234,24.432771682739258,20.082826614379883,40.099998474121094,41.913204193115234,26.59856605529785,16.34254264831543,89.5999984741211,29.299999237060547,28.260000228881836,13.562804222106934,125.4000015258789,43.524993896484375
2025-10-05,27.920000076293945,25.072425842285156,105.80000305175781,38.63999938964844,64.9000015258789,61.650001525878906,116.5999984741211,41.20000076293945,24.472259521484375,19.811174392700195,40.15999984741211,41.93282699584961,26.677669525146484,16.37114715576172,89.9000015258789,29.200000762939453,29.860000610351562,13.533405303955078,126.5999984741211,43.40799331665039
2025-10-06,27.760000228881836,24.470378875732422,106.5999984741211,39.099998474121094,67.9000015258789,62.29999923706055,119.80000305175781,41.52000045776367,24.531490325927734,19.976106643676758,40.47999954223633,41.89358139038086,26.499685287475586,16.28533363342285,90.0,29.399999618530273,29.040000915527344,13.562804222106934,130.89999389648438,43.25198745727539
2025-10-07,27.520000457763672,24.567481994628906,106.69999694824219,38.68000030517578,66.6500015258789,61.5,120.5999984741211,41.5,24.492002487182617,19.500715255737305,40.400001525878906,42.050559997558594,26.61834144592285,16.199522018432617,92.4000015258789,29.459999084472656,28.0,13.494206428527832,132.1999969482422,43.25198745727539
2025-10-08,27.399999618530273,24.70343017578125,106.69999694824219,38.939998626708984,66.44999694824219,60.79999923706055,120.0,41.099998474121094,24.551233291625977,19.335784912109375,40.20000076293945,41.775848388671875,26.28215217590332,16.11370849609375,92.4000015258789,29.200000762939453,27.5,13.415807723999023,132.8000030517578,43.427490234375
2025-10-09,27.360000610351562,24.567481994628906,107.5,38.52000045776367,67.19999694824219,60.900001525878906,120.9000015258789,41.060001373291016,24.521617889404297,19.41339874267578,40.0,41.7562255859375,26.59856605529785,16.09463882446289,92.94999694824219,29.100000381469727,27.639999389648438,13.523605346679688,142.0,43.5054931640625
2025-10-12,27.0,24.97532081604004,106.0,38.060001373291016,66.8499984741211,60.70000076293945,120.0,40.31999969482422,24.185976028442383,19.306678771972656,39.2599983215332,41.599246978759766,26.57878875732422,15.942083358764648,91.44999694824219,29.040000915527344,29.639999389648438,13.47460651397705,146.0,43.13499069213867
2025-10-13,27.239999771118164,24.742271423339844,107.0,38.31999969482422,66.19999694824219,60.650001525878906,120.5999984741211,41.060001373291016,24.413026809692383,19.452205657958984,39.91999816894531,42.011314392089844,26.499685287475586,16.304405212402344,91.55000305175781,31.0,31.18000030517578,13.523605346679688,145.3000030517578,43.680999755859375
2025-10-14,27.260000228881836,24.97532081604004,106.5999984741211,38.439998626708984,66.9000015258789,60.849998474121094,121.0,41.119998931884766,24.432771682739258,19.267871856689453,39.97999954223633,41.795467376708984,26.34147834777832,16.14231300354004,90.55000305175781,30.799999237060547,30.700000762939453,13.78819751739502,143.3000030517578,43.87600326538086
2025-10-15,27.520000457763672,24.742271423339844,107.5,38.939998626708984,66.8499984741211,61.0,121.30000305175781,41.540000915527344,24.64995002746582,19.597734451293945,41.0,40.9124641418457,25.491117477416992,15.827667236328125,90.80000305175781,31.5,32.060001373291016,13.60200309753418,145.89999389648438,43.680999755859375
2025-10-16,27.68000030517578,24.586902618408203,108.19999694824219,38.619998931884766,67.0,61.75,123.5,41.439998626708984,24.97572135925293,19.306678771972656,40.060001373291016,41.736602783203125,25.906410217285156,16.037431716918945,90.44999694824219,31.600000381469727,30.84000015258789,13.79799747467041,145.3000030517578,43.77850341796875
2025-10-19,27.65999984741211,24.742271423339844,107.5999984741211,38.5,66.55000305175781,61.900001525878906,124.80000305175781,40.939998626708984,24.83751678466797,19.18055534362793,39.79999923706055,41.873958587646484,25.78775405883789,15.884875297546387,90.5999984741211,32.20000076293945,30.65999984741211,13.768598556518555,144.39999389648438,43.60300064086914
2025-10-20,27.600000381469727,25.208372116088867,107.5999984741211,39.13999938964844,67.05000305175781,61.04999923706055,124.0999984741211,40.34000015258789,24.738798141479492,19.093238830566406,39.959999084472656,41.71697998046875,25.550443649291992,15.760924339294434,89.55000305175781,32.18000030517578,30.420000076293945,13.78819751739502,142.3000030517578,43.017982482910156
2025-10-21,27.459999084472656,24.489797592163086,106.9000015258789,38.81999969482422,66.5999984741211,60.849998474121094,123.4000015258789,39.900001525878906,24.71905517578125,18.491722106933594,38.86000061035156,40.69662094116211,24.996719360351562,15.408138275146484,88.19999694824219,32.2599983215332,30.479999542236328,13.8077974319458,143.8000030517578,43.212989807128906
2025-10-22,27.31999969482422,23.39251708984375,108.0,39.02000045776367,63.650001525878906,60.0,121.0,40.040000915527344,25.647005081176758,17.870805740356445,38.0,40.48077392578125,24.561649322509766,15.198373794555664,86.0999984741211,32.2400016784668,29.84000015258789,13.66080093383789,141.5,43.44699478149414
2025-10-23,27.219999313354492,23.24686050415039,108.0,39.0,64.19999694824219,60.349998474121094,123.69999694824219,40.540000915527344,25.528545379638672,18.181264877319336,38.20000076293945,40.618133544921875,24.423219680786133,15.341395378112793,88.0,32.5,30.139999389648438,13.895995140075684,145.0,43.83700180053711
2025-10-26,27.280000686645508,23.499332427978516,107.0999984741211,39.0,63.650001525878906,60.29999923706055,123.0999984741211,40.91999816894531,25.41008186340332,18.142457962036133,38.41999816894531,41.04981994628906,24.838512420654297,15.43674373626709,89.05000305175781,33.0,30.540000915527344,13.768598556518555,150.6999969482422,43.91500473022461
2025-10-27,26.860000610351562,23.53817367553711,109.0,39.31999969482422,63.54999923706055,60.5,123.0,40.900001525878906,25.46931266784668,18.23947525024414,38.34000015258789,41.04981994628906,24.512210845947266,15.398603439331055,88.55000305175781,32.58000183105469,30.1200008392334,13.827396392822266,151.1999969482422,43.60300064086914
2025-10-28,27.139999389648438,23.761512756347656,109.0,39.97999954223633,63.54999923706055,60.5,124.4000015258789,41.08000183105469,25.54828643798828,18.307388305664062,38.279998779296875,41.06944274902344,24.6407527923584,15.379533767700195,88.30000305175781,32.7599983215332,30.6200008392334,13.944993019104004,153.10000610351562,43.58349609375
2025-10-29,27.479999542236328,24.004274368286133,110.0,40.880001068115234,64.19999694824219,61.0,124.0,40.97999954223633,25.5877742767334,18.511127471923828,38.220001220703125,41.14793014526367,24.70008087158203,15.360465049743652,87.75,33.220001220703125,30.959999084472656,13.944993019104004,150.60000610351562,43.79800033569336
2025-10-30,27.18000030517578,23.53817367553711,105.69999694824219,39.880001068115234,64.25,61.04999923706055,122.5999984741211,40.79999923706055,25.568031311035156,18.33649444580078,38.2599983215332,41.40302276611328,24.71985626220703,15.455811500549316,88.69999694824219,33.20000076293945,31.3799991607666,13.915594100952148,153.3000030517578,44.05150604248047
2025-11-02,26.899999618530273,23.31483268737793,103.0999984741211,39.70000076293945,62.75,59.79999923706055,122.5,40.63999938964844,25.311363220214844,18.09394645690918,38.279998779296875,41.32453155517578,24.571537017822266,15.417673110961914,88.9000015258789,31.200000762939453,31.700000762939453,13.817597389221191,152.89999389648438,43.60300064086914
2025-11-03,26.579999923706055,23.693540573120117,104.0999984741211,39.7400016784668,63.54999923706055,58.70000076293945,124.19999694824219,40.97999954223633,25.252132415771484,18.074542999267578,38.380001068115234,41.304908752441406,24.324338912963867,15.303256034851074,87.19999694824219,30.100000381469727,31.459999084472656,13.846996307373047,151.0,43.13499069213867
2025-11-04,26.3799991607666,23.421648025512695,102.5,39.84000015258789,61.79999923706055,58.75,122.5,40.560001373291016,25.429826736450195,18.103649139404297,38.08000183105469,40.87321853637695,24.334226608276367,15.265117645263672,88.25,29.979999542236328,31.15999984741211,13.670600891113281,152.39999389648438,43.77850341796875
2025-11-05,26.059999465942383,22.809886932373047,101.9000015258789,39.400001525878906,61.0,58.29999923706055,120.0999984741211,39.81999969482422,25.27187728881836,17.657365798950195,37.70000076293945,40.87321853637695,24.027700424194336,15.150700569152832,88.94999694824219,29.8799991607666,30.920000076293945,13.670600891113281,148.5,43.5054931640625
2025-11-06,26.440000534057617,22.72249412536621,102.5999984741211,39.2400016784668,59.79999923706055,58.0,120.0,40.459999084472656,25.508800506591797,17.608854293823242,37.58000183105469,40.97132873535156,23.958484649658203,15.11256217956543,89.30000305175781,29.8799991607666,31.15999984741211,13.680400848388672,151.0,43.232486724853516
2025-11-09,26.600000381469727,22.635099411010742,102.5999984741211,39.2400016784668,59.400001525878906,57.45000076293945,118.9000015258789,41.97999954223633,25.370595932006836,17.453624725341797,37.380001068115234,40.93208694458008,23.87938117980957,14.97907543182373,90.0,29.5,31.420000076293945,13.680400848388672,146.0,43.45956039428711
2025-11-10,26.219999313354492,22.236970901489258,101.4000015258789,38.81999969482422,61.45000076293945,57.75,121.0,42.0,25.607519149780273,17.608854293823242,37.560001373291016,40.9124641418457,23.988149642944336,15.122096061706543,91.5,29.719999313354492,31.700000762939453,13.699999809265137,144.8000030517578,43.301597595214844
2025-11-11,26.5,22.168996810913086,102.5,39.08000183105469,61.29999923706055,57.599998474121094,121.5,41.400001525878906,25.607519149780273,17.560346603393555,37.34000015258789,40.794734954833984,24.037588119506836,15.09349250793457,91.0999984741211,29.360000610351562,31.360000610351562,13.75,142.0,43.874210357666016
2025-11-12,26.280000686645508,22.042762756347656,101.5999984741211,38.86000061035156,61.04999923706055,57.79999923706055,120.19999694824219,41.68000030517578,25.627262115478516,17.395414352416992,37.5,40.8339729309082,23.790390014648438,14.9695405960083,91.9000015258789,30.18000030517578,31.31999969482422,13.710000038146973,143.6999969482422,43.420066833496094
2025-11-13,26.059999465942383,21.761157989501953,101.0,38.29999923706055,59.5,56.900001525878906,119.5999984741211,40.31999969482422,25.528545379638672,17.32750129699707,37.29999923706055,40.755489349365234,23.681623458862305,15.045818328857422,92.69999694824219,29.219999313354492,32.099998474121094,13.829999923706055,141.5,43.26210403442383
2025-11-16,25.920000076293945,21.78057861328125,100.30000305175781,37.79999923706055,59.45000076293945,56.5,118.80000305175781,39.34000015258789,25.252132415771484,17.055849075317383,37.29999923706055,40.73586654663086,23.37509536743164,14.845588684082031,92.19999694824219,28.8799991607666,32.02000045776367,13.510000228881836,135.0,42.590763092041016
2025-11-17,25.860000610351562,21.528106689453125,100.0,38.08000183105469,60.45000076293945,56.70000076293945,118.80000305175781,39.459999084472656,25.508800506591797,16.687179565429688,37.380001068115234,40.8339729309082,23.147674560546875,14.68349838256836,91.80000305175781,28.899999618530273,31.739999771118164,13.300000190734863,135.0,42.84745407104492
2025-11-18,26.1200008392334,21.819419860839844,101.30000305175781,38.099998474121094,60.20000076293945,57.400001525878906,119.0999984741211,39.36000061035156,25.84000015258789,16.842409133911133,37.2400016784668,40.814353942871094,22.969690322875977,14.826519966125488,91.25,28.579999923706055,31.360000610351562,13.199999809265137,136.39999389648438,42.768470764160156
2025-11-19,26.020000457763672,21.479555130004883,99.69999694824219,37.779998779296875,59.150001525878906,56.75,118.5,38.459999084472656,25.899999618530273,16.70658302307129,37.380001068115234,41.50113296508789,23.216888427734375,14.855123519897461,92.1500015258789,28.700000762939453,31.100000381469727,13.260000228881836,135.0,42.53152847290039
2025-11-20,25.959999084472656,21.576658248901367,99.44999694824219,37.720001220703125,61.29999923706055,56.54999923706055,118.5,39.040000915527344,25.780000686645508,16.696880340576172,37.29999923706055,41.2067985534668,23.118009567260742,14.960005760192871,91.44999694824219,28.65999984741211,31.440000534057617,13.1899995803833,135.0,42.452545166015625
2025-11-23,25.8799991607666,21.819419860839844,100.0999984741211,38.0,63.349998474121094,56.400001525878906,118.0999984741211,39.060001373291016,25.600000381469727,16.716283798217773,37.36000061035156,41.46188735961914,22.98946762084961,14.912332534790039,91.5,28.079999923706055,30.540000915527344,12.84000015258789,134.0,42.689491271972656
2025-11-24,25.65999984741211,21.848552703857422,97.5,37.20000076293945,62.20000076293945,55.75,117.0,38.34000015258789,25.239999771118164,16.337913513183594,37.0,41.01057434082031,23.454198837280273,14.960005760192871,91.5,28.200000762939453,30.8799991607666,12.979999542236328,131.39999389648438,41.9984016418457
2025-11-25,25.520000457763672,21.304765701293945,96.5999984741211,36.7400016784668,61.599998474121094,55.5,117.0,37.060001373291016,24.56999969482422,16.085664749145508,36.900001525878906,40.716243743896484,23.216888427734375,14.65489387512207,89.30000305175781,27.639999389648438,30.84000015258789,12.960000038146973,131.39999389648438,41.9984016418457
2025-11-26,25.700000762939453,21.4892635345459,95.5,36.63999938964844,61.849998474121094,55.75,116.80000305175781,37.779998779296875,24.530000686645508,16.473737716674805,36.540000915527344,40.73586654663086,22.98946762084961,14.616755485534668,89.0999984741211,27.600000381469727,30.520000457763672,12.6899995803833,129.89999389648438,42.0773811340332
2025-11-27,25.799999237060547,21.537817001342773,95.8499984741211,36.900001525878906,61.0,55.150001525878906,116.5,37.459999084472656,24.6299991607666,16.299104690551758,36.34000015258789,41.1283073425293,23.03890609741211,14.607220649719238,90.0999984741211,27.31999969482422,30.899999618530273,12.699999809265137,129.39999389648438,42.11687469482422
2025-11-30,25.760000228881836,21.596078872680664,96.80000305175781,36.7400016784668,59.650001525878906,54.0,116.30000305175781,36.52000045776367,24.540000915527344,16.143875122070312,36.20000076293945,41.22642135620117,22.653276443481445,14.492803573608398,89.05000305175781,27.0,30.799999237060547,12.380000114440918,127.4000015258789,41.95891189575195
2025-12-01,25.579999923706055,21.227083206176758,96.3499984741211,36.400001525878906,60.0,54.650001525878906,116.0,36.400001525878906,24.329999923706055,16.270000457763672,35.880001068115234,41.03019714355469,21.872129440307617,14.56908130645752,87.6500015258789,26.940000534057617,29.940000534057617,12.390000343322754,128.89999389648438,41.6627311706543
2025-12-02,25.639999389648438,21.363027572631836,96.0,36.63999938964844,60.20000076293945,54.5,115.69999694824219,36.900001525878906,24.399999618530273,16.209999084472656,35.91999816894531,41.2067985534668,22.15888023376465,14.550012588500977,87.69999694824219,26.700000762939453,28.600000381469727,12.539999961853027,128.10000610351562,41.7417106628418
2025-12-03,25.719999313354492,21.528106689453125,95.8499984741211,36.619998931884766,59.54999923706055,54.95000076293945,115.0,37.0,24.459999084472656,16.049999237060547,36.29999923706055,41.22642135620117,22.139102935791016,14.597685813903809,88.55000305175781,26.440000534057617,29.5,12.600000381469727,131.0,41.78120422363281
2025-12-04,25.84000015258789,21.401870727539062,96.0,37.220001220703125,59.54999923706055,54.95000076293945,116.0,37.439998626708984,24.520000457763672,15.90999984741211,36.220001220703125,41.677734375,21.96112060546875,14.6644287109375,88.55000305175781,27.059999465942383,29.5,12.789999961853027,128.5,41.78120422363281
2025-12-07,26.5,21.7902889251709,95.94999694824219,37.279998779296875,58.95000076293945,55.20000076293945,115.69999694824219,37.29999923706055,24.420000076293945,15.869999885559082,35.900001525878906,41.81509017944336,21.901792526245117,15.255582809448242,88.4000015258789,26.899999618530273,29.799999237060547,12.579999923706055,129.1999969482422,41.564002990722656
2025-12-08,26.399999618530273,21.78057861328125,96.30000305175781,37.47999954223633,59.650001525878906,55.0,117.5999984741211,37.040000915527344,24.31999969482422,15.75,35.599998474121094,41.560001373291016,21.75347328186035,15.303256034851074,87.69999694824219,26.81999969482422,29.68000030517578,12.600000381469727,128.39999389648438,41.46527862548828
2025-12-09,26.799999237060547,21.94565773010254,98.30000305175781,37.619998931884766,59.0,54.5,117.0999984741211,37.5,24.34000015258789,16.09000015258789,35.34000015258789,41.599998474121094,21.99078369140625,15.370000839233398,87.25,27.579999923706055,30.68000030517578,12.649999618530273,131.39999389648438,41.84043884277344
2025-12-10,26.579999923706055,21.761157989501953,97.75,37.900001525878906,60.150001525878906,54.400001525878906,116.0,38.5,24.31999969482422,16.049999237060547,35.36000061035156,41.619998931884766,22.109439849853516,15.34000015258789,87.0,26.860000610351562,30.65999984741211,12.609999656677246,130.1999969482422,42.11687469482422
2025-12-11,26.739999771118164,21.94565773010254,98.94999694824219,38.2599983215332,59.45000076293945,54.650001525878906,116.0999984741211,38.0,23.899999618530273,16.0,35.15999984741211,41.5,21.763362884521484,15.0,87.05000305175781,26.700000762939453,29.899999618530273,12.649999618530273,129.5,42.78821563720703
2025-12-14,26.280000686645508,21.1688175201416,97.6500015258789,37.58000183105469,58.29999923706055,54.0,115.0,37.52000045776367,23.889999389648438,15.680000305175781,35.08000183105469,41.459999084472656,21.75347328186035,14.710000038146973,86.30000305175781,26.780000686645508,29.0,12.550000190734863,127.19999694824219,41.95891189575195
2025-12-15,26.0,20.974609375,97.5999984741211,37.5,58.04999923706055,53.29999923706055,114.19999694824219,37.400001525878906,24.0,15.920000076293945,35.0,41.400001525878906,21.901792526245117,14.75,86.05000305175781,26.1200008392334,28.959999084472656,12.829999923706055,125.30000305175781,41.93916702270508
2025-12-16,25.81999969482422,20.712427139282227,95.5999984741211,37.20000076293945,56.95000076293945,52.599998474121094,111.4000015258789,36.65999984741211,23.75,15.729999542236328,34.47999954223633,41.36000061035156,21.456836700439453,14.489999771118164,85.1500015258789,26.299999237060547,29.0,12.789999961853027,125.9000015258789,41.89967346191406
2025-12-17,25.68000030517578,20.61532211303711,95.5,36.599998474121094,57.95000076293945,52.400001525878906,110.9000015258789,37.0,23.600000381469727,15.770000457763672,34.34000015258789,41.099998474121094,21.68425941467285,14.3100004196167,85.25,26.139999389648438,28.81999969482422,12.779999732971191,124.0,41.6627311706543
2025-12-18,25.719999313354492,20.566770553588867,95.8499984741211,37.0,60.25,52.75,112.69999694824219,36.720001220703125,23.649999618530273,15.630000114440918,34.47999954223633,41.220001220703125,21.60515594482422,14.40999984741211,85.05000305175781,26.299999237060547,30.280000686645508,12.739999771118164,124.0999984741211,41.524513244628906
2025-12-21,26.15999984741211,20.634742736816406,96.05000305175781,36.70000076293945,60.400001525878906,52.29999923706055,111.30000305175781,36.900001525878906,23.829999923706055,15.75,34.439998626708984,42.0,21.75347328186035,14.359999656677246,85.94999694824219,26.100000381469727,30.18000030517578,12.800000190734863,125.5,41.68247604370117
2025-12-22,26.600000381469727,21.023160934448242,97.5999984741211,37.2400016784668,63.599998474121094,52.400001525878906,111.4000015258789,36.68000030517578,23.75,15.279999732971191,34.34000015258789,41.900001525878906,21.516162872314453,14.220000267028809,85.30000305175781,26.0,30.299999237060547,12.770000457763672,128.0,42.05763626098633
2025-12-23,26.799999237060547,20.955188751220703,97.94999694824219,38.040000915527344,63.349998474121094,52.79999923706055,112.19999694824219,37.0,23.760000228881836,15.239999771118164,34.65999984741211,41.880001068115234,21.852354049682617,14.25,86.05000305175781,26.399999618530273,30.040000915527344,12.989999771118164,127.5999984741211,42.23534393310547
2025-12-24,26.600000381469727,20.877504348754883,97.0999984741211,38.380001068115234,63.099998474121094,52.45000076293945,111.0999984741211,36.779998779296875,23.75,15.220000267028809,34.65999984741211,41.84000015258789,21.73369789123535,14.289999961853027,85.5,26.200000762939453,29.600000381469727,12.90999984741211,125.69999694824219,42.314327239990234
2025-12-25,26.3799991607666,20.76097869873047,97.05000305175781,38.040000915527344,62.45000076293945,52.150001525878906,111.0,36.63999938964844,23.690000534057617,15.229999542236328,34.720001220703125,41.84000015258789,21.61504364013672,14.319999694824219,86.80000305175781,26.520000457763672,29.579999923706055,12.90999984741211,128.0,42.35382080078125
2025-12-28,26.639999389648438,20.595901489257812,96.0,37.70000076293945,62.29999923706055,51.20000076293945,110.80000305175781,36.040000915527344,23.510000228881836,15.010000228881836,34.31999969482422,41.880001068115234,21.545827865600586,14.220000267028809,86.4000015258789,25.6200008392334,29.440000534057617,12.8100004196167,127.0,41.97865676879883
2025-12-29,27.040000915527344,20.69300651550293,96.9000015258789,38.220001220703125,62.45000076293945,51.95000076293945,111.5999984741211,36.2400016784668,23.700000762939453,15.210000038146973,34.36000061035156,41.900001525878906,21.535940170288086,14.289999961853027,85.4000015258789,26.0,29.299999237060547,12.949999809265137,127.5,42.03789520263672
2025-12-30,27.18000030517578,20.877504348754883,96.5999984741211,38.040000915527344,60.79999923706055,51.20000076293945,110.30000305175781,35.0,23.6200008392334,14.760000228881836,34.0,41.779998779296875,21.61504364013672,14.25,83.94999694824219,26.15999984741211,28.959999084472656,12.75,125.4000015258789,42.11687469482422
2025-12-31,27.139999389648438,20.99403190612793,97.5,37.880001068115234,60.95000076293945,51.29999923706055,110.69999694824219,35.439998626708984,23.829999923706055,15.0,34.439998626708984,42.099998474121094,22.059999465942383,14.430000305175781,84.5,25.959999084472656,28.979999542236328,12.779999732971191,127.9000015258789,42.43280029296875
2026-01-01,27.600000381469727,20.96489906311035,97.69999694824219,38.060001373291016,60.849998474121094,51.400001525878906,111.0,36.2400016784668,23.8799991607666,15.199999809265137,34.58000183105469,42.29999923706055,22.440000534057617,14.680000305175781,84.9000015258789,26.040000915527344,29.059999465942383,12.880000114440918,132.0,42.413055419921875
2026-01-04,27.200000762939453,20.663875579833984,96.0,37.18000030517578,59.599998474121094,50.54999923706055,110.0,35.47999954223633,23.5,14.989999771118164,34.36000061035156,42.0,21.639999389648438,14.359999656677246,84.25,25.799999237060547,28.299999237060547,12.800000190734863,131.5,42.15636444091797
2026-01-05,27.139999389648438,20.634742736816406,96.75,38.099998474121094,61.0,49.959999084472656,109.69999694824219,35.02000045776367,23.40999984741211,14.8100004196167,34.13999938964844,41.97999954223633,21.360000610351562,14.350000381469727,86.0,25.6200008392334,26.639999389648438,12.890000343322754,126.5999984741211,42.17611312866211
2026-01-06,26.200000762939453,20.197771072387695,95.94999694824219,37.81999969482422,64.5,49.7400016784668,110.0,34.65999984741211,23.440000534057617,14.770000457763672,34.040000915527344,41.86000061035156,21.399999618530273,14.40999984741211,85.69999694824219,25.040000915527344,25.139999389648438,12.970000267028809,120.0,41.72196578979492
2026-01-07,26.65999984741211,20.197771072387695,99.25,40.040000915527344,63.79999923706055,50.650001525878906,109.19999694824219,35.400001525878906,23.579999923706055,14.989999771118164,34.400001525878906,41.7599983215332,21.670000076293945,14.739999771118164,86.25,25.540000915527344,24.299999237060547,13.100000381469727,120.0999984741211,42.25509262084961
2026-01-08,26.84000015258789,20.731847763061523,99.80000305175781,40.29999923706055,63.5,50.900001525878906,110.0,34.86000061035156,23.649999618530273,14.699999809265137,34.36000061035156,42.2599983215332,21.68000030517578,14.869999885559082,86.0,25.100000381469727,26.719999313354492,13.199999809265137,123.4000015258789,42.334075927734375
2026-01-11,27.139999389648438,20.586191177368164,100.69999694824219,40.34000015258789,64.44999694824219,52.70000076293945,113.9000015258789,35.380001068115234,24.219999313354492,14.8100004196167,35.02000045776367,42.63999938964844,22.139999389648438,15.140000343322754,86.6500015258789,25.219999313354492,28.18000030517578,13.229999542236328,124.4000015258789,42.452545166015625
2026-01-12,27.260000228881836,20.595901489257812,100.5999984741211,40.900001525878906,67.5,54.95000076293945,114.69999694824219,35.900001525878906,24.260000228881836,15.100000381469727,35.2599983215332,42.880001068115234,22.40999984741211,15.0600004196167,85.0,25.959999084472656,28.719999313354492,13.420000076293945,124.9000015258789,43.439815521240234
2026-01-13,27.34000015258789,20.819242477416992,102.5,42.0,70.80000305175781,55.0,113.9000015258789,35.84000015258789,24.920000076293945,15.369999885559082,35.18000030517578,42.58000183105469,22.43000030517578,15.1899995803833,85.30000305175781,26.079999923706055,28.8799991607666,13.489999771118164,124.0,43.972938537597656
2026-01-14,27.600000381469727,20.974609375,103.5,42.70000076293945,71.5,55.54999923706055,118.69999694824219,35.52000045776367,24.979999542236328,15.199999809265137,35.220001220703125,42.7400016784668,22.65999984741211,15.1899995803833,85.80000305175781,25.860000610351562,28.959999084472656,13.479999542236328,124.69999694824219,43.89395523071289
2026-01-15,26.760000228881836,20.790111541748047,101.9000015258789,42.040000915527344,71.30000305175781,55.349998474121094,120.0,34.880001068115234,24.799999237060547,14.989999771118164,35.84000015258789,42.20000076293945,22.639999389648438,15.09000015258789,85.80000305175781,25.34000015258789,29.5,13.600000381469727,123.5,43.735992431640625
2026-01-18,26.799999237060547,20.896926879882812,102.0,42.0,72.3499984741211,56.0,120.0,35.2400016784668,24.979999542236328,15.119999885559082,35.560001373291016,42.65999984741211,22.920000076293945,15.229999542236328,86.30000305175781,25.65999984741211,30.15999984741211,13.649999618530273,125.0,43.439815521240234
2026-01-19,26.799999237060547,20.926055908203125,103.30000305175781,42.31999969482422,72.3499984741211,54.54999923706055,119.0,35.380001068115234,24.889999389648438,14.9399995803833,35.58000183105469,42.68000030517578,22.829999923706055,15.180000305175781,87.19999694824219,25.5,29.65999984741211,13.649999618530273,126.0,43.439815521240234
2026-01-20,26.719999313354492,21.023160934448242,103.0,42.20000076293945,74.0,53.45000076293945,118.9000015258789,35.599998474121094,25.0,15.050000190734863,35.20000076293945,42.86000061035156,22.56999969482422,15.270000457763672,86.0,25.520000457763672,29.559999465942383,13.699999809265137,127.69999694824219,43.5977783203125
2026-01-21,27.079999923706055,20.945478439331055,102.69999694824219,42.0,73.5,54.79999923706055,118.80000305175781,35.7400016784668,25.0,14.9399995803833,35.31999969482422,43.099998474121094,23.15999984741211,15.289999961853027,86.5999984741211,25.84000015258789,30.34000015258789,13.630000114440918,127.4000015258789,43.341087341308594
2026-01-22,27.5,21.654340744018555,105.9000015258789,43.0,72.44999694824219,56.04999923706055,121.9000015258789,36.18000030517578,25.239999771118164,15.119999885559082,35.29999923706055,42.84000015258789,23.190000534057617,15.399999618530273,87.69999694824219,25.959999084472656,30.520000457763672,13.619999885559082,121.80000305175781,43.380577087402344
2026-01-25,27.780000686645508,22.334075927734375,107.80000305175781,43.0,77.6500015258789,55.849998474121094,123.0,37.41999816894531,25.31999969482422,15.039999961853027,35.97999954223633,42.97999954223633,23.489999771118164,15.729999542236328,87.6500015258789,26.299999237060547,30.219999313354492,13.75,122.0999984741211,43.617523193359375
2026-01-26,27.68000030517578,21.887393951416016,106.30000305175781,43.13999938964844,79.5,56.0,126.5999984741211,37.5,25.260000228881836,15.039999961853027,36.119998931884766,42.959999084472656,23.31999969482422,15.529999732971191,88.05000305175781,26.0,30.020000457763672,13.890000343322754,121.5999984741211,43.755741119384766
2026-01-27,28.0,22.217548370361328,108.4000015258789,44.599998474121094,77.4000015258789,57.54999923706055,125.4000015258789,37.619998931884766,25.260000228881836,15.399999618530273,36.220001220703125,43.0,23.6299991607666,15.84000015258789,88.44999694824219,26.15999984741211,31.040000915527344,13.899999618530273,121.19999694824219,44.38759231567383
2026-01-28,28.299999237060547,22.314653396606445,108.5999984741211,45.0,77.5,57.400001525878906,125.19999694824219,37.040000915527344,25.639999389648438,15.4399995803833,36.20000076293945,43.0,23.31999969482422,15.789999961853027,89.0,26.68000030517578,30.899999618530273,13.9399995803833,121.30000305175781,44.22962951660156
2026-01-29,28.100000381469727,22.13986587524414,107.19999694824219,44.86000061035156,77.30000305175781,56.849998474121094,125.0,36.779998779296875,25.799999237060547,15.319999694824219,36.040000915527344,42.79999923706055,22.93000030517578,15.609999656677246,87.94999694824219,25.8799991607666,30.799999237060547,14.270000457763672,119.5,43.83472442626953
2026-02-01,27.8799991607666,21.751447677612305,106.5,44.20000076293945,69.94999694824219,55.54999923706055,122.19999694824219,36.2599983215332,25.18000030517578,15.020000457763672,35.959999084472656,42.65999984741211,22.34000015258789,15.430000305175781,87.80000305175781,26.0,30.84000015258789,14.130000114440918,121.5999984741211,43.696502685546875
2026-02-02,28.280000686645508,21.887393951416016,108.0,44.599998474121094,73.44999694824219,54.849998474121094,123.9000015258789,37.0,25.600000381469727,14.960000038146973,35.58000183105469,42.7400016784668,22.700000762939453,15.470000267028809,88.1500015258789,26.239999771118164,31.100000381469727,14.149999618530273,122.5999984741211,44.22962951660156
2026-02-03,28.8799991607666,21.85826301574707,107.19999694824219,44.599998474121094,75.05000305175781,55.349998474121094,125.69999694824219,36.84000015258789,25.600000381469727,14.829999923706055,35.15999984741211,42.720001220703125,22.670000076293945,15.380000114440918,87.3499984741211,26.639999389648438,32.040000915527344,14.25,121.5,44.3283576965332
2026-02-04,29.239999771118164,21.799999237060547,107.19999694824219,44.70000076293945,76.69999694824219,55.849998474121094,126.9000015258789,37.779998779296875,25.65999984741211,14.869999885559082,35.220001220703125,42.70000076293945,22.239999771118164,15.369999885559082,89.25,26.31999969482422,31.700000762939453,14.390000343322754,121.5,44.19013595581055
2026-02-05,28.760000228881836,21.5,107.0,43.5,72.55000305175781,55.5,125.4000015258789,37.02000045776367,25.600000381469727,14.510000228881836,35.18000030517578,42.41999816894531,21.649999618530273,15.050000190734863,87.9000015258789,25.260000228881836,31.600000381469727,14.3100004196167,119.5999984741211,43.71624755859375
2026-02-08,28.639999389648438,21.600000381469727,107.5,44.0,73.5999984741211,55.400001525878906,125.69999694824219,37.20000076293945,25.5,14.470000267028809,35.15999984741211,42.36000061035156,21.850000381469727,15.170000076293945,88.0999984741211,25.219999313354492,32.29999923706055,14.149999618530273,119.69999694824219,43.874210357666016
2026-02-09,28.5,21.139999389648438,107.0,43.31999969482422,72.94999694824219,55.599998474121094,126.30000305175781,36.86000061035156,25.68000030517578,14.569999694824219,34.70000076293945,42.220001220703125,21.899999618530273,15.119999885559082,88.0,25.059999465942383,31.940000534057617,14.180000305175781,119.9000015258789,44.03217315673828
2026-02-10,28.420000076293945,21.0,106.0,43.36000061035156,72.69999694824219,57.04999923706055,127.5,36.900001525878906,25.860000610351562,15.020000457763672,34.70000076293945,42.0,21.950000762939453,15.149999618530273,87.44999694824219,24.950000762939453,31.440000534057617,14.300000190734863,120.0999984741211,43.91370391845703
2026-02-11,28.079999923706055,20.68000030517578,106.0,42.959999084472656,73.55000305175781,56.5,127.30000305175781,36.65999984741211,25.81999969482422,14.729999542236328,34.599998474121094,42.040000915527344,21.75,14.979999542236328,86.8499984741211,24.780000686645508,30.5,14.390000343322754,121.0999984741211,43.9926872253418
2026-02-12,28.239999771118164,20.760000228881836,106.19999694824219,43.099998474121094,73.9000015258789,58.0,128.5,37.0,26.0,15.25,34.58000183105469,42.70000076293945,21.799999237060547,15.029999732971191,86.19999694824219,24.940000534057617,30.479999542236328,14.350000381469727,121.80000305175781,44.20988082885742
2026-02-15,28.079999923706055,20.84000015258789,105.69999694824219,43.13999938964844,73.0,57.900001525878906,127.30000305175781,38.0,25.780000686645508,15.319999694824219,34.47999954223633,42.84000015258789,21.809999465942383,15.079999923706055,86.80000305175781,25.18000030517578,30.399999618530273,14.319999694824219,125.19999694824219,44.22962951660156
2026-02-16,28.0,21.0,105.69999694824219,42.599998474121094,72.4000015258789,57.29999923706055,128.0,37.0,25.600000381469727,15.390000343322754,34.18000030517578,42.86000061035156,21.81999969482422,15.149999618530273,86.6500015258789,24.760000228881836,30.139999389648438,14.350000381469727,128.39999389648438,44.22962951660156
2026-02-17,27.700000762939453,20.989999771118164,104.5999984741211,42.099998474121094,71.25,57.04999923706055,128.0,36.400001525878906,25.440000534057617,15.239999771118164,34.29999923706055,43.119998931884766,21.709999084472656,15.09000015258789,86.05000305175781,24.139999389648438,30.34000015258789,14.25,126.69999694824219,44.22962951660156
2026-02-18,28.1200008392334,21.0,105.0,42.79999923706055,72.0,56.75,126.5999984741211,36.380001068115234,25.600000381469727,15.170000076293945,34.13999938964844,42.959999084472656,21.399999618530273,15.15999984741211,86.25,24.260000228881836,30.760000228881836,14.199999809265137,126.4000015258789,43.04490661621094
2026-02-19,27.81999969482422,20.700000762939453,102.0,41.900001525878906,70.80000305175781,55.400001525878906,125.80000305175781,35.81999969482422,25.700000762939453,14.569999694824219,34.0,42.599998474121094,21.100000381469727,14.84000015258789,86.75,23.360000610351562,29.899999618530273,14.130000114440918,121.30000305175781,42.452545166015625
2026-02-23,28.020000457763672,20.979999542236328,103.30000305175781,42.29999923706055,71.8499984741211,56.04999923706055,127.0999984741211,35.779998779296875,25.979999542236328,14.109999656677246,33.70000076293945,42.720001220703125,21.170000076293945,14.760000228881836,85.94999694824219,23.18000030517578,29.3799991607666,14.1899995803833,120.69999694824219,42.650001525878906
2026-02-24,27.979999542236328,20.770000457763672,103.0999984741211,42.7400016784668,71.25,55.400001525878906,125.69999694824219,35.58000183105469,25.84000015258789,14.109999656677246,33.13999938964844,42.5,21.110000610351562,14.520000457763672,85.0,22.899999618530273,29.84000015258789,14.010000228881836,118.80000305175781,42.29999923706055
2026-02-25,27.899999618530273,20.549999237060547,102.4000015258789,42.380001068115234,71.55000305175781,54.79999923706055,127.0,35.560001373291016,25.739999771118164,14.039999961853027,32.900001525878906,42.34000015258789,21.139999389648438,14.489999771118164,84.9000015258789,23.0,30.139999389648438,14.100000381469727,117.30000305175781,42.459999084472656
